{
    "questions": [
        {
            "question": "What is a correct syntax to output \"Hello World\" in Java?",
            "answers": [
                {
                    "text": "Console.WriteLine(\"Hello World\");"
                },
                {
                    "text": "echo(\"Hello World\");"
                },
                {
                    "text": "print (\"Hello World\");"
                },
                {
                    "text": "System.out.println(\"Hello World\");",
                    "correct": true
                }
            ]
        },
        {
            "question": "Java is short for \"JavaScript\".",
            "answers": [
                {
                    "text": "True"
                },
                {
                    "text": "False",
                    "correct": true
                }
            ]
        },
        {
            "question": "How do you insert COMMENTS in Java code?",
            "answers": [
                {
                    "text": "/* This is a comment"
                },
                {
                    "text": "# This is a comment"
                },
                {
                    "text": "// This is a comment",
                    "correct": true
                }
            ]
        },
        {
            "question": "Which data type is used to create a variable that should store text?",
            "answers": [
                {
                    "text": "string"
                },
                {
                    "text": "Txt"
                },
                {
                    "text": "String",
                    "correct": true
                },
                {
                    "text": "myString"
                }
            ]
        },
        {
            "question": "How do you create a variable with the numeric value 5?",
            "answers": [
                {
                    "text": "int x = 5;",
                    "correct": true
                },
                {
                    "text": "num x = 5;"
                },
                {
                    "text": "float x = 5;"
                },
                {
                    "text": "x = 5;"
                }
            ]
        },
        {
            "question": "How do you create a variable with the floating number 2.8?",
            "answers": [
                {
                    "text": "byte x = 2.8;"
                },
                {
                    "text": "x = 2.8f;"
                },
                {
                    "text": "int x = 2.8f;"
                },
                {
                    "text": "float x = 2.8f;",
                    "correct": true
                }
            ]
        },
        {
            "question": "Which method can be used to find the length of a string?",
            "answers": [
                {
                    "text": "getSize()"
                },
                {
                    "text": "length()",
                    "correct": true
                },
                {
                    "text": "getLength()"
                },
                {
                    "text": "len()"
                }
            ]
        },
        {
            "question": "Which operator is used to add together two values?",
            "answers": [
                {
                    "text": "The & sign"
                },
                {
                    "text": "The * sign"
                },
                {
                    "text": "The + sign",
                    "correct": true
                }
            ]
        },
        {
            "question": "The value of a string variable can be surrounded by single quotes.",
            "answers": [
                {
                    "text": "True"
                },
                {
                    "text": "False",
                    "correct": true
                }
            ]
        }
    ]
}